-- MySQL Script generated by MySQL Workbench
-- Fri Dec 28 22:54:28 2018
-- Model: New Model    Version: 1.0
-- MySQL Workbench Forward Engineering

SET @OLD_UNIQUE_CHECKS=@@UNIQUE_CHECKS, UNIQUE_CHECKS=0;
SET @OLD_FOREIGN_KEY_CHECKS=@@FOREIGN_KEY_CHECKS, FOREIGN_KEY_CHECKS=0;
SET @OLD_SQL_MODE=@@SQL_MODE, SQL_MODE='ONLY_FULL_GROUP_BY,STRICT_TRANS_TABLES,NO_ZERO_IN_DATE,NO_ZERO_DATE,ERROR_FOR_DIVISION_BY_ZERO,NO_ENGINE_SUBSTITUTION';

-- -----------------------------------------------------
-- Schema pivomat
-- -----------------------------------------------------
DROP SCHEMA IF EXISTS `pivomat` ;

-- -----------------------------------------------------
-- Schema pivomat
-- -----------------------------------------------------
CREATE SCHEMA IF NOT EXISTS `pivomat` DEFAULT CHARACTER SET utf8 ;
USE `pivomat` ;

-- -----------------------------------------------------
-- Table `pivomat`.`Admin`
-- -----------------------------------------------------
DROP TABLE IF EXISTS `pivomat`.`Admin` ;

CREATE TABLE IF NOT EXISTS `pivomat`.`Admin` (
  `id` INT NOT NULL AUTO_INCREMENT,
  `ime` VARCHAR(45) NOT NULL,
  `priimek` VARCHAR(45) NOT NULL,
  `email` VARCHAR(45) NOT NULL,
  `geslo` CHAR(255) NOT NULL,
  PRIMARY KEY (id))
ENGINE = InnoDB;

-- -----------------------------------------------------
-- Table `pivomat`.`Artikel`
-- -----------------------------------------------------
DROP TABLE IF EXISTS `pivomat`.`Artikel` ;

CREATE TABLE IF NOT EXISTS `pivomat`.`Artikel` (
  `id` INT NOT NULL AUTO_INCREMENT,
  `aktiviran` TINYINT(1) NOT NULL,
  `naziv` VARCHAR(45) NOT NULL,
  `idZnamka` INT NOT NULL,
  `opis` TEXT(100) NOT NULL,
  `kolicina` DOUBLE NOT NULL,
  `alkohol` DOUBLE NOT NULL,
  `cena` DOUBLE NOT NULL,
  `idStil` INT NOT NULL,
  `slika` LONGBLOB NULL DEFAULT NULL,
  PRIMARY KEY (id),
  CONSTRAINT `znamka`
    FOREIGN KEY (idZnamka)
    REFERENCES `pivomat`.`Znamka` (id)
    ON DELETE NO ACTION
    ON UPDATE NO ACTION,
  CONSTRAINT `stil`
    FOREIGN KEY (idStil)
    REFERENCES `pivomat`.`Stil` (id)
    ON DELETE NO ACTION
    ON UPDATE NO ACTION)
ENGINE = InnoDB;

-- -----------------------------------------------------
-- Table `pivomat`.`Kraj`
-- -----------------------------------------------------
DROP TABLE IF EXISTS `pivomat`.`Kraj` ;

CREATE TABLE IF NOT EXISTS `pivomat`.`Kraj` (
  `postnaSt` INT NOT NULL,
  `ime` VARCHAR(45) NOT NULL,
  PRIMARY KEY (`postnaSt`))
ENGINE = InnoDB;

-- -----------------------------------------------------
-- Table `pivomat`.`Narocilo`
-- -----------------------------------------------------
DROP TABLE IF EXISTS `pivomat`.`Narocilo` ;

CREATE TABLE IF NOT EXISTS `pivomat`.`Narocilo` (
  `id` INT NOT NULL AUTO_INCREMENT,
  `potrjeno` TIMESTAMP NULL DEFAULT NULL,
  `preklicano` TIMESTAMP NULL DEFAULT NULL,
  `stornirano` TIMESTAMP NULL DEFAULT NULL,
  `datum` TIMESTAMP NOT NULL DEFAULT NOW(),
  `idStranka` INT NOT NULL,
  PRIMARY KEY (id),
  INDEX `stranka_idx` (idStranka ASC),
  CONSTRAINT `stranka`
    FOREIGN KEY (idStranka)
    REFERENCES `pivomat`.`Stranka` (id)
    ON DELETE NO ACTION
    ON UPDATE NO ACTION)
ENGINE = InnoDB;

-- -----------------------------------------------------
-- Table `pivomat`.`Postavka`
-- -----------------------------------------------------
DROP TABLE IF EXISTS `pivomat`.`Postavka` ;

CREATE TABLE IF NOT EXISTS `pivomat`.`Postavka` (
  `id` INT NOT NULL AUTO_INCREMENT,
  `idArtikel` INT NOT NULL,
  `kolicina` INT NOT NULL,
  `idNarocilo` INT NOT NULL,
  PRIMARY KEY (id),
  INDEX `artikel_idx` (`idArtikel` ASC),
  INDEX `narocilo_idx` (`idNarocilo` ASC),
  CONSTRAINT `artikel`
    FOREIGN KEY (`idArtikel`)
    REFERENCES `pivomat`.`Artikel` (id)
    ON DELETE NO ACTION
    ON UPDATE NO ACTION,
  CONSTRAINT `narocilo`
    FOREIGN KEY (`idNarocilo`)
    REFERENCES `pivomat`.`Narocilo` (id)
    ON DELETE NO ACTION
    ON UPDATE NO ACTION)
ENGINE = InnoDB;

-- -----------------------------------------------------
-- Table `pivomat`.`Prodajalec`
-- -----------------------------------------------------
DROP TABLE IF EXISTS `pivomat`.`Prodajalec` ;

CREATE TABLE IF NOT EXISTS `pivomat`.`Prodajalec`(
  `id` INT NOT NULL AUTO_INCREMENT,
  `ime` VARCHAR(45) NOT NULL,
  `priimek` VARCHAR(45) NOT NULL,
  `email` VARCHAR(45) NOT NULL,
  `geslo` CHAR(255) NOT NULL,
  `aktiviran` TINYINT(1) NULL,
  UNIQUE (email),
  PRIMARY KEY (id))
ENGINE = InnoDB;

-- -----------------------------------------------------
-- Table `pivomat`.`Stil`
-- -----------------------------------------------------
DROP TABLE IF EXISTS `pivomat`.`Stil` ;

CREATE TABLE IF NOT EXISTS `pivomat`.`Stil`(
  `id` INT NOT NULL AUTO_INCREMENT,
  `naziv` VARCHAR(45) NOT NULL,
  PRIMARY KEY (id))
ENGINE = InnoDB;

-- -----------------------------------------------------
-- Table `pivomat`.`Stranka`
-- -----------------------------------------------------
DROP TABLE IF EXISTS `pivomat`.`Stranka` ;

CREATE TABLE IF NOT EXISTS `pivomat`.`Stranka` (
  `id` INT NOT NULL AUTO_INCREMENT,
  `ime` VARCHAR(45) NOT NULL,
  `priimek` VARCHAR(45) NOT NULL,
  `email` VARCHAR(45) NOT NULL,
  `ulica` VARCHAR(45) NOT NULL,
  `hisnaSt` INT NOT NULL,
  `postnaSt` INT NOT NULL,
  `telefon` VARCHAR(15) NOT NULL,
  `geslo` CHAR(255) NOT NULL,
  `aktiviran` TINYINT(1) NOT NULL,
  UNIQUE (email),
  PRIMARY KEY (id),
  INDEX `posta_idx` (`postnaSt` ASC),
  CONSTRAINT `posta`
    FOREIGN KEY (`postnaSt`)
    REFERENCES `pivomat`.`Kraj` (`postnaSt`)
    ON DELETE NO ACTION
    ON UPDATE NO ACTION)
ENGINE = InnoDB;

-- -----------------------------------------------------
-- Table `pivomat`.`Znamka`
-- -----------------------------------------------------
DROP TABLE IF EXISTS `pivomat`.`Znamka` ;

CREATE TABLE IF NOT EXISTS `pivomat`.`Znamka`(
  `id` INT NOT NULL AUTO_INCREMENT,
  `naziv` VARCHAR(45) NOT NULL,
  PRIMARY KEY (id))
ENGINE = InnoDB;

SET SQL_MODE=@OLD_SQL_MODE;
SET FOREIGN_KEY_CHECKS=@OLD_FOREIGN_KEY_CHECKS;
SET UNIQUE_CHECKS=@OLD_UNIQUE_CHECKS;

-- -------------------------------
-- INSERTI
-- -------------------------------
INSERT INTO `Admin` (`id`,`ime`,`priimek`,`email`,`geslo`) VALUES (1,'Admin','Admin','admin@pivomat.si', '$2y$10$mBtvDrHIxFAB14mANatPTuCpjOOOv3pmZvS6cUSvB9faSa3F08Saq');

INSERT INTO `Prodajalec` (`id`,`ime`,`priimek`,`email`,`geslo`,`aktiviran`) VALUES (1,'Janez','Novak','janez.novak@pivomat.si','$2y$10$rnfXbpSBjWMXHvYUmEYIqeGyYq0mf61FOGjqZnmtdB2wBXCShkVHy',1);
INSERT INTO `Prodajalec` (`id`,`ime`,`priimek`,`email`,`geslo`,`aktiviran`) VALUES (2,'Metka','Dolenc','metka.dolenc@pivomat.si','$2y$10$rnfXbpSBjWMXHvYUmEYIqeGyYq0mf61FOGjqZnmtdB2wBXCShkVHy',1);
INSERT INTO `Prodajalec` (`id`,`ime`,`priimek`,`email`,`geslo`,`aktiviran`) VALUES (3,'Marjetka','Kovač','marjetka.kovac@pivomat.si','$2y$10$rnfXbpSBjWMXHvYUmEYIqeGyYq0mf61FOGjqZnmtdB2wBXCShkVHy',0);

INSERT INTO `Kraj` (`postnaSt`,`ime`) VALUES (8341,'Adlešiči');
INSERT INTO `Kraj` (`postnaSt`,`ime`) VALUES (5270,'Ajdovščina');
INSERT INTO `Kraj` (`postnaSt`,`ime`) VALUES (6280,'Ankaran/Ancarano');
INSERT INTO `Kraj` (`postnaSt`,`ime`) VALUES (9253,'Apače');
INSERT INTO `Kraj` (`postnaSt`,`ime`) VALUES (8253,'Artiče');
INSERT INTO `Kraj` (`postnaSt`,`ime`) VALUES (4275,'Begunje na Gorenjskem');
INSERT INTO `Kraj` (`postnaSt`,`ime`) VALUES (1382,'Begunje pri Cerknici');
INSERT INTO `Kraj` (`postnaSt`,`ime`) VALUES (9231,'Beltinci');
INSERT INTO `Kraj` (`postnaSt`,`ime`) VALUES (2234,'Benedikt');
INSERT INTO `Kraj` (`postnaSt`,`ime`) VALUES (2345,'Bistrica ob Dravi');
INSERT INTO `Kraj` (`postnaSt`,`ime`) VALUES (3256,'Bistrica ob Sotli');
INSERT INTO `Kraj` (`postnaSt`,`ime`) VALUES (8259,'Bizeljsko');
INSERT INTO `Kraj` (`postnaSt`,`ime`) VALUES (1223,'Blagovica');
INSERT INTO `Kraj` (`postnaSt`,`ime`) VALUES (8283,'Blanca');
INSERT INTO `Kraj` (`postnaSt`,`ime`) VALUES (4260,'Bled');
INSERT INTO `Kraj` (`postnaSt`,`ime`) VALUES (4273,'Blejska Dobrava');
INSERT INTO `Kraj` (`postnaSt`,`ime`) VALUES (9265,'Bodonci');
INSERT INTO `Kraj` (`postnaSt`,`ime`) VALUES (9222,'Bogojina');
INSERT INTO `Kraj` (`postnaSt`,`ime`) VALUES (4263,'Bohinjska Bela');
INSERT INTO `Kraj` (`postnaSt`,`ime`) VALUES (4264,'Bohinjska Bistrica');
INSERT INTO `Kraj` (`postnaSt`,`ime`) VALUES (4265,'Bohinjsko jezero');
INSERT INTO `Kraj` (`postnaSt`,`ime`) VALUES (1353,'Borovnica');
INSERT INTO `Kraj` (`postnaSt`,`ime`) VALUES (8294,'Boštanj');
INSERT INTO `Kraj` (`postnaSt`,`ime`) VALUES (5230,'Bovec');
INSERT INTO `Kraj` (`postnaSt`,`ime`) VALUES (5295,'Branik');
INSERT INTO `Kraj` (`postnaSt`,`ime`) VALUES (3314,'Braslovče');
INSERT INTO `Kraj` (`postnaSt`,`ime`) VALUES (5223,'Breginj');
INSERT INTO `Kraj` (`postnaSt`,`ime`) VALUES (8280,'Brestanica');
INSERT INTO `Kraj` (`postnaSt`,`ime`) VALUES (2354,'Bresternica');
INSERT INTO `Kraj` (`postnaSt`,`ime`) VALUES (4243,'Brezje');
INSERT INTO `Kraj` (`postnaSt`,`ime`) VALUES (1351,'Brezovica pri Ljubljani');
INSERT INTO `Kraj` (`postnaSt`,`ime`) VALUES (8250,'Brežice');
INSERT INTO `Kraj` (`postnaSt`,`ime`) VALUES (4210,'Brnik - Aerodrom');
INSERT INTO `Kraj` (`postnaSt`,`ime`) VALUES (8321,'Brusnice');
INSERT INTO `Kraj` (`postnaSt`,`ime`) VALUES (3255,'Buče');
INSERT INTO `Kraj` (`postnaSt`,`ime`) VALUES (8276,'Bučka ');
INSERT INTO `Kraj` (`postnaSt`,`ime`) VALUES (9261,'Cankova');
INSERT INTO `Kraj` (`postnaSt`,`ime`) VALUES (3000,'Celje ');
INSERT INTO `Kraj` (`postnaSt`,`ime`) VALUES (3001,'Celje - poštni predali');
INSERT INTO `Kraj` (`postnaSt`,`ime`) VALUES (4207,'Cerklje na Gorenjskem');
INSERT INTO `Kraj` (`postnaSt`,`ime`) VALUES (8263,'Cerklje ob Krki');
INSERT INTO `Kraj` (`postnaSt`,`ime`) VALUES (1380,'Cerknica');
INSERT INTO `Kraj` (`postnaSt`,`ime`) VALUES (5282,'Cerkno');
INSERT INTO `Kraj` (`postnaSt`,`ime`) VALUES (2236,'Cerkvenjak');
INSERT INTO `Kraj` (`postnaSt`,`ime`) VALUES (2215,'Ceršak');
INSERT INTO `Kraj` (`postnaSt`,`ime`) VALUES (2326,'Cirkovce');
INSERT INTO `Kraj` (`postnaSt`,`ime`) VALUES (2282,'Cirkulane');
INSERT INTO `Kraj` (`postnaSt`,`ime`) VALUES (5273,'Col');
INSERT INTO `Kraj` (`postnaSt`,`ime`) VALUES (8251,'Čatež ob Savi');
INSERT INTO `Kraj` (`postnaSt`,`ime`) VALUES (1413,'Čemšenik');
INSERT INTO `Kraj` (`postnaSt`,`ime`) VALUES (5253,'Čepovan');
INSERT INTO `Kraj` (`postnaSt`,`ime`) VALUES (9232,'Črenšovci');
INSERT INTO `Kraj` (`postnaSt`,`ime`) VALUES (2393,'Črna na Koroškem');
INSERT INTO `Kraj` (`postnaSt`,`ime`) VALUES (6275,'Črni Kal');
INSERT INTO `Kraj` (`postnaSt`,`ime`) VALUES (5274,'Črni Vrh nad Idrijo');
INSERT INTO `Kraj` (`postnaSt`,`ime`) VALUES (5262,'Črniče');
INSERT INTO `Kraj` (`postnaSt`,`ime`) VALUES (8340,'Črnomelj');
INSERT INTO `Kraj` (`postnaSt`,`ime`) VALUES (6271,'Dekani');
INSERT INTO `Kraj` (`postnaSt`,`ime`) VALUES (5210,'Deskle');
INSERT INTO `Kraj` (`postnaSt`,`ime`) VALUES (2253,'Destrnik');
INSERT INTO `Kraj` (`postnaSt`,`ime`) VALUES (6215,'Divača');
INSERT INTO `Kraj` (`postnaSt`,`ime`) VALUES (1233,'Dob');
INSERT INTO `Kraj` (`postnaSt`,`ime`) VALUES (3224,'Dobje pri Planini');
INSERT INTO `Kraj` (`postnaSt`,`ime`) VALUES (8257,'Dobova');
INSERT INTO `Kraj` (`postnaSt`,`ime`) VALUES (1423,'Dobovec');
INSERT INTO `Kraj` (`postnaSt`,`ime`) VALUES (5263,'Dobravlje');
INSERT INTO `Kraj` (`postnaSt`,`ime`) VALUES (3204,'Dobrna');
INSERT INTO `Kraj` (`postnaSt`,`ime`) VALUES (8211,'Dobrnič');
INSERT INTO `Kraj` (`postnaSt`,`ime`) VALUES (1356,'Dobrova');
INSERT INTO `Kraj` (`postnaSt`,`ime`) VALUES (9223,'Dobrovnik/Dobronak ');
INSERT INTO `Kraj` (`postnaSt`,`ime`) VALUES (5212,'Dobrovo v Brdih');
INSERT INTO `Kraj` (`postnaSt`,`ime`) VALUES (1431,'Dol pri Hrastniku');
INSERT INTO `Kraj` (`postnaSt`,`ime`) VALUES (1262,'Dol pri Ljubljani');
INSERT INTO `Kraj` (`postnaSt`,`ime`) VALUES (1273,'Dole pri Litiji');
INSERT INTO `Kraj` (`postnaSt`,`ime`) VALUES (1331,'Dolenja vas');
INSERT INTO `Kraj` (`postnaSt`,`ime`) VALUES (8350,'Dolenjske Toplice');
INSERT INTO `Kraj` (`postnaSt`,`ime`) VALUES (1230,'Domžale');
INSERT INTO `Kraj` (`postnaSt`,`ime`) VALUES (2252,'Dornava');
INSERT INTO `Kraj` (`postnaSt`,`ime`) VALUES (5294,'Dornberk');
INSERT INTO `Kraj` (`postnaSt`,`ime`) VALUES (1319,'Draga');
INSERT INTO `Kraj` (`postnaSt`,`ime`) VALUES (8343,'Dragatuš');
INSERT INTO `Kraj` (`postnaSt`,`ime`) VALUES (3222,'Dramlje');
INSERT INTO `Kraj` (`postnaSt`,`ime`) VALUES (2370,'Dravograd');
INSERT INTO `Kraj` (`postnaSt`,`ime`) VALUES (4203,'Duplje');
INSERT INTO `Kraj` (`postnaSt`,`ime`) VALUES (6221,'Dutovlje');
INSERT INTO `Kraj` (`postnaSt`,`ime`) VALUES (8361,'Dvor');
INSERT INTO `Kraj` (`postnaSt`,`ime`) VALUES (2343,'Fala');
INSERT INTO `Kraj` (`postnaSt`,`ime`) VALUES (9208,'Fokovci');
INSERT INTO `Kraj` (`postnaSt`,`ime`) VALUES (2313,'Fram');
INSERT INTO `Kraj` (`postnaSt`,`ime`) VALUES (3213,'Frankolovo');
INSERT INTO `Kraj` (`postnaSt`,`ime`) VALUES (1274,'Gabrovka');
INSERT INTO `Kraj` (`postnaSt`,`ime`) VALUES (8254,'Globoko');
INSERT INTO `Kraj` (`postnaSt`,`ime`) VALUES (5275,'Godovič');
INSERT INTO `Kraj` (`postnaSt`,`ime`) VALUES (4204,'Golnik');
INSERT INTO `Kraj` (`postnaSt`,`ime`) VALUES (3303,'Gomilsko');
INSERT INTO `Kraj` (`postnaSt`,`ime`) VALUES (4224,'Gorenja vas');
INSERT INTO `Kraj` (`postnaSt`,`ime`) VALUES (3263,'Gorica pri Slivnici');
INSERT INTO `Kraj` (`postnaSt`,`ime`) VALUES (2272,'Gorišnica');
INSERT INTO `Kraj` (`postnaSt`,`ime`) VALUES (9250,'Gornja Radgona');
INSERT INTO `Kraj` (`postnaSt`,`ime`) VALUES (3342,'Gornji Grad');
INSERT INTO `Kraj` (`postnaSt`,`ime`) VALUES (4282,'Gozd Martuljek');
INSERT INTO `Kraj` (`postnaSt`,`ime`) VALUES (6272,'Gračišče');
INSERT INTO `Kraj` (`postnaSt`,`ime`) VALUES (9264,'Grad');
INSERT INTO `Kraj` (`postnaSt`,`ime`) VALUES (8332,'Gradac');
INSERT INTO `Kraj` (`postnaSt`,`ime`) VALUES (1384,'Grahovo');
INSERT INTO `Kraj` (`postnaSt`,`ime`) VALUES (5242,'Grahovo ob Bači');
INSERT INTO `Kraj` (`postnaSt`,`ime`) VALUES (5251,'Grgar');
INSERT INTO `Kraj` (`postnaSt`,`ime`) VALUES (3302,'Griže');
INSERT INTO `Kraj` (`postnaSt`,`ime`) VALUES (3231,'Grobelno');
INSERT INTO `Kraj` (`postnaSt`,`ime`) VALUES (1290,'Grosuplje');
INSERT INTO `Kraj` (`postnaSt`,`ime`) VALUES (2288,'Hajdina');
INSERT INTO `Kraj` (`postnaSt`,`ime`) VALUES (8362,'Hinje');
INSERT INTO `Kraj` (`postnaSt`,`ime`) VALUES (2311,'Hoče');
INSERT INTO `Kraj` (`postnaSt`,`ime`) VALUES (9205,'Hodoš/Hodos');
INSERT INTO `Kraj` (`postnaSt`,`ime`) VALUES (1354,'Horjul');
INSERT INTO `Kraj` (`postnaSt`,`ime`) VALUES (1372,'Hotedršica');
INSERT INTO `Kraj` (`postnaSt`,`ime`) VALUES (1430,'Hrastnik');
INSERT INTO `Kraj` (`postnaSt`,`ime`) VALUES (6225,'Hruševje');
INSERT INTO `Kraj` (`postnaSt`,`ime`) VALUES (4276,'Hrušica');
INSERT INTO `Kraj` (`postnaSt`,`ime`) VALUES (5280,'Idrija');
INSERT INTO `Kraj` (`postnaSt`,`ime`) VALUES (1292,'Ig');
INSERT INTO `Kraj` (`postnaSt`,`ime`) VALUES (6250,'Ilirska Bistrica');
INSERT INTO `Kraj` (`postnaSt`,`ime`) VALUES (6251,'Ilirska Bistrica-Trnovo');
INSERT INTO `Kraj` (`postnaSt`,`ime`) VALUES (1295,'Ivančna Gorica');
INSERT INTO `Kraj` (`postnaSt`,`ime`) VALUES (2259,'Ivanjkovci');
INSERT INTO `Kraj` (`postnaSt`,`ime`) VALUES (1411,'Izlake');
INSERT INTO `Kraj` (`postnaSt`,`ime`) VALUES (6310,'Izola/Isola');
INSERT INTO `Kraj` (`postnaSt`,`ime`) VALUES (2222,'Jakobski Dol');
INSERT INTO `Kraj` (`postnaSt`,`ime`) VALUES (2221,'Jarenina');
INSERT INTO `Kraj` (`postnaSt`,`ime`) VALUES (6254,'Jelšane');
INSERT INTO `Kraj` (`postnaSt`,`ime`) VALUES (4270,'Jesenice');
INSERT INTO `Kraj` (`postnaSt`,`ime`) VALUES (8261,'Jesenice na Dolenjskem');
INSERT INTO `Kraj` (`postnaSt`,`ime`) VALUES (3273,'Jurklošter');
INSERT INTO `Kraj` (`postnaSt`,`ime`) VALUES (2223,'Jurovski Dol');
INSERT INTO `Kraj` (`postnaSt`,`ime`) VALUES (2256,'Juršinci');
INSERT INTO `Kraj` (`postnaSt`,`ime`) VALUES (5214,'Kal nad Kanalom');
INSERT INTO `Kraj` (`postnaSt`,`ime`) VALUES (3233,'Kalobje');
INSERT INTO `Kraj` (`postnaSt`,`ime`) VALUES (4246,'Kamna Gorica');
INSERT INTO `Kraj` (`postnaSt`,`ime`) VALUES (2351,'Kamnica');
INSERT INTO `Kraj` (`postnaSt`,`ime`) VALUES (1241,'Kamnik');
INSERT INTO `Kraj` (`postnaSt`,`ime`) VALUES (5213,'Kanal');
INSERT INTO `Kraj` (`postnaSt`,`ime`) VALUES (8258,'Kapele');
INSERT INTO `Kraj` (`postnaSt`,`ime`) VALUES (2362,'Kapla');
INSERT INTO `Kraj` (`postnaSt`,`ime`) VALUES (2325,'Kidričevo');
INSERT INTO `Kraj` (`postnaSt`,`ime`) VALUES (1412,'Kisovec');
INSERT INTO `Kraj` (`postnaSt`,`ime`) VALUES (6253,'Knežak');
INSERT INTO `Kraj` (`postnaSt`,`ime`) VALUES (5222,'Kobarid');
INSERT INTO `Kraj` (`postnaSt`,`ime`) VALUES (9227,'Kobilje');
INSERT INTO `Kraj` (`postnaSt`,`ime`) VALUES (1330,'Kočevje');
INSERT INTO `Kraj` (`postnaSt`,`ime`) VALUES (1338,'Kočevska Reka');
INSERT INTO `Kraj` (`postnaSt`,`ime`) VALUES (2276,'Kog');
INSERT INTO `Kraj` (`postnaSt`,`ime`) VALUES (5211,'Kojsko');
INSERT INTO `Kraj` (`postnaSt`,`ime`) VALUES (6223,'Komen');
INSERT INTO `Kraj` (`postnaSt`,`ime`) VALUES (1218,'Komenda');
INSERT INTO `Kraj` (`postnaSt`,`ime`) VALUES (6000,'Koper/Capodistria ');
INSERT INTO `Kraj` (`postnaSt`,`ime`) VALUES (6001,'Koper/Capodistria - poštni predali');
INSERT INTO `Kraj` (`postnaSt`,`ime`) VALUES (8282,'Koprivnica');
INSERT INTO `Kraj` (`postnaSt`,`ime`) VALUES (5296,'Kostanjevica na Krasu');
INSERT INTO `Kraj` (`postnaSt`,`ime`) VALUES (8311,'Kostanjevica na Krki');
INSERT INTO `Kraj` (`postnaSt`,`ime`) VALUES (1336,'Kostel');
INSERT INTO `Kraj` (`postnaSt`,`ime`) VALUES (6256,'Košana');
INSERT INTO `Kraj` (`postnaSt`,`ime`) VALUES (2394,'Kotlje');
INSERT INTO `Kraj` (`postnaSt`,`ime`) VALUES (6240,'Kozina');
INSERT INTO `Kraj` (`postnaSt`,`ime`) VALUES (3260,'Kozje');
INSERT INTO `Kraj` (`postnaSt`,`ime`) VALUES (4000,'Kranj ');
INSERT INTO `Kraj` (`postnaSt`,`ime`) VALUES (4001,'Kranj - poštni predali');
INSERT INTO `Kraj` (`postnaSt`,`ime`) VALUES (4280,'Kranjska Gora');
INSERT INTO `Kraj` (`postnaSt`,`ime`) VALUES (1281,'Kresnice');
INSERT INTO `Kraj` (`postnaSt`,`ime`) VALUES (4294,'Križe');
INSERT INTO `Kraj` (`postnaSt`,`ime`) VALUES (9206,'Križevci');
INSERT INTO `Kraj` (`postnaSt`,`ime`) VALUES (9242,'Križevci pri Ljutomeru');
INSERT INTO `Kraj` (`postnaSt`,`ime`) VALUES (1301,'Krka');
INSERT INTO `Kraj` (`postnaSt`,`ime`) VALUES (8296,'Krmelj');
INSERT INTO `Kraj` (`postnaSt`,`ime`) VALUES (4245,'Kropa');
INSERT INTO `Kraj` (`postnaSt`,`ime`) VALUES (8262,'Krška vas');
INSERT INTO `Kraj` (`postnaSt`,`ime`) VALUES (8270,'Krško');
INSERT INTO `Kraj` (`postnaSt`,`ime`) VALUES (9263,'Kuzma');
INSERT INTO `Kraj` (`postnaSt`,`ime`) VALUES (2318,'Laporje');
INSERT INTO `Kraj` (`postnaSt`,`ime`) VALUES (3270,'Laško');
INSERT INTO `Kraj` (`postnaSt`,`ime`) VALUES (1219,'Laze v Tuhinju');
INSERT INTO `Kraj` (`postnaSt`,`ime`) VALUES (2230,'Lenart v Slovenskih goricah');
INSERT INTO `Kraj` (`postnaSt`,`ime`) VALUES (9220,'Lendava/Lendva');
INSERT INTO `Kraj` (`postnaSt`,`ime`) VALUES (4248,'Lesce');
INSERT INTO `Kraj` (`postnaSt`,`ime`) VALUES (3261,'Lesično');
INSERT INTO `Kraj` (`postnaSt`,`ime`) VALUES (8273,'Leskovec pri Krškem');
INSERT INTO `Kraj` (`postnaSt`,`ime`) VALUES (2372,'Libeliče');
INSERT INTO `Kraj` (`postnaSt`,`ime`) VALUES (2341,'Limbuš');
INSERT INTO `Kraj` (`postnaSt`,`ime`) VALUES (1270,'Litija');
INSERT INTO `Kraj` (`postnaSt`,`ime`) VALUES (3202,'Ljubečna');
INSERT INTO `Kraj` (`postnaSt`,`ime`) VALUES (1000,'Ljubljana ');
INSERT INTO `Kraj` (`postnaSt`,`ime`) VALUES (1001,'Ljubljana - poštni predali');
INSERT INTO `Kraj` (`postnaSt`,`ime`) VALUES (1231,'Ljubljana - Črnuče');
INSERT INTO `Kraj` (`postnaSt`,`ime`) VALUES (1261,'Ljubljana - Dobrunje');
INSERT INTO `Kraj` (`postnaSt`,`ime`) VALUES (1260,'Ljubljana - Polje');
INSERT INTO `Kraj` (`postnaSt`,`ime`) VALUES (1210,'Ljubljana - Šentvid');
INSERT INTO `Kraj` (`postnaSt`,`ime`) VALUES (1211,'Ljubljana - Šmartno');
INSERT INTO `Kraj` (`postnaSt`,`ime`) VALUES (3333,'Ljubno ob Savinji');
INSERT INTO `Kraj` (`postnaSt`,`ime`) VALUES (9240,'Ljutomer');
INSERT INTO `Kraj` (`postnaSt`,`ime`) VALUES (3215,'Loče');
INSERT INTO `Kraj` (`postnaSt`,`ime`) VALUES (5231,'Log pod Mangartom');
INSERT INTO `Kraj` (`postnaSt`,`ime`) VALUES (1358,'Log pri Brezovici');
INSERT INTO `Kraj` (`postnaSt`,`ime`) VALUES (1370,'Logatec');
INSERT INTO `Kraj` (`postnaSt`,`ime`) VALUES (1371,'Logatec');
INSERT INTO `Kraj` (`postnaSt`,`ime`) VALUES (1434,'Loka pri Zidanem Mostu');
INSERT INTO `Kraj` (`postnaSt`,`ime`) VALUES (3223,'Loka pri Žusmu');
INSERT INTO `Kraj` (`postnaSt`,`ime`) VALUES (6219,'Lokev');
INSERT INTO `Kraj` (`postnaSt`,`ime`) VALUES (1318,'Loški Potok');
INSERT INTO `Kraj` (`postnaSt`,`ime`) VALUES (2324,'Lovrenc na Dravskem polju');
INSERT INTO `Kraj` (`postnaSt`,`ime`) VALUES (2344,'Lovrenc na Pohorju');
INSERT INTO `Kraj` (`postnaSt`,`ime`) VALUES (3334,'Luče');
INSERT INTO `Kraj` (`postnaSt`,`ime`) VALUES (1225,'Lukovica');
INSERT INTO `Kraj` (`postnaSt`,`ime`) VALUES (9202,'Mačkovci');
INSERT INTO `Kraj` (`postnaSt`,`ime`) VALUES (2322,'Majšperk');
INSERT INTO `Kraj` (`postnaSt`,`ime`) VALUES (2321,'Makole');
INSERT INTO `Kraj` (`postnaSt`,`ime`) VALUES (9243,'Mala Nedelja');
INSERT INTO `Kraj` (`postnaSt`,`ime`) VALUES (2229,'Malečnik');
INSERT INTO `Kraj` (`postnaSt`,`ime`) VALUES (6273,'Marezige');
INSERT INTO `Kraj` (`postnaSt`,`ime`) VALUES (2000,'Maribor ');
INSERT INTO `Kraj` (`postnaSt`,`ime`) VALUES (2001,'Maribor - poštni predali');
INSERT INTO `Kraj` (`postnaSt`,`ime`) VALUES (2206,'Marjeta na Dravskem polju');
INSERT INTO `Kraj` (`postnaSt`,`ime`) VALUES (2281,'Markovci');
INSERT INTO `Kraj` (`postnaSt`,`ime`) VALUES (9221,'Martjanci');
INSERT INTO `Kraj` (`postnaSt`,`ime`) VALUES (6242,'Materija');
INSERT INTO `Kraj` (`postnaSt`,`ime`) VALUES (4211,'Mavčiče');
INSERT INTO `Kraj` (`postnaSt`,`ime`) VALUES (1215,'Medvode');
INSERT INTO `Kraj` (`postnaSt`,`ime`) VALUES (1234,'Mengeš');
INSERT INTO `Kraj` (`postnaSt`,`ime`) VALUES (8330,'Metlika');
INSERT INTO `Kraj` (`postnaSt`,`ime`) VALUES (2392,'Mežica');
INSERT INTO `Kraj` (`postnaSt`,`ime`) VALUES (2204,'Miklavž na Dravskem polju');
INSERT INTO `Kraj` (`postnaSt`,`ime`) VALUES (2275,'Miklavž pri Ormožu');
INSERT INTO `Kraj` (`postnaSt`,`ime`) VALUES (5291,'Miren');
INSERT INTO `Kraj` (`postnaSt`,`ime`) VALUES (8233,'Mirna');
INSERT INTO `Kraj` (`postnaSt`,`ime`) VALUES (8216,'Mirna Peč');
INSERT INTO `Kraj` (`postnaSt`,`ime`) VALUES (2382,'Mislinja');
INSERT INTO `Kraj` (`postnaSt`,`ime`) VALUES (4281,'Mojstrana');
INSERT INTO `Kraj` (`postnaSt`,`ime`) VALUES (8230,'Mokronog');
INSERT INTO `Kraj` (`postnaSt`,`ime`) VALUES (1251,'Moravče');
INSERT INTO `Kraj` (`postnaSt`,`ime`) VALUES (9226,'Moravske Toplice');
INSERT INTO `Kraj` (`postnaSt`,`ime`) VALUES (5216,'Most na Soči');
INSERT INTO `Kraj` (`postnaSt`,`ime`) VALUES (1221,'Motnik');
INSERT INTO `Kraj` (`postnaSt`,`ime`) VALUES (3330,'Mozirje');
INSERT INTO `Kraj` (`postnaSt`,`ime`) VALUES (9000,'Murska Sobota ');
INSERT INTO `Kraj` (`postnaSt`,`ime`) VALUES (9001,'Murska Sobota - poštni predali');
INSERT INTO `Kraj` (`postnaSt`,`ime`) VALUES (2366,'Muta');
INSERT INTO `Kraj` (`postnaSt`,`ime`) VALUES (4202,'Naklo');
INSERT INTO `Kraj` (`postnaSt`,`ime`) VALUES (3331,'Nazarje');
INSERT INTO `Kraj` (`postnaSt`,`ime`) VALUES (1357,'Notranje Gorice');
INSERT INTO `Kraj` (`postnaSt`,`ime`) VALUES (3203,'Nova Cerkev');
INSERT INTO `Kraj` (`postnaSt`,`ime`) VALUES (5000,'Nova Gorica ');
INSERT INTO `Kraj` (`postnaSt`,`ime`) VALUES (5001,'Nova Gorica - poštni predali');
INSERT INTO `Kraj` (`postnaSt`,`ime`) VALUES (1385,'Nova vas');
INSERT INTO `Kraj` (`postnaSt`,`ime`) VALUES (8000,'Novo mesto');
INSERT INTO `Kraj` (`postnaSt`,`ime`) VALUES (8001,'Novo mesto - poštni predali');
INSERT INTO `Kraj` (`postnaSt`,`ime`) VALUES (6243,'Obrov');
INSERT INTO `Kraj` (`postnaSt`,`ime`) VALUES (9233,'Odranci');
INSERT INTO `Kraj` (`postnaSt`,`ime`) VALUES (2317,'Oplotnica');
INSERT INTO `Kraj` (`postnaSt`,`ime`) VALUES (2312,'Orehova vas');
INSERT INTO `Kraj` (`postnaSt`,`ime`) VALUES (2270,'Ormož');
INSERT INTO `Kraj` (`postnaSt`,`ime`) VALUES (1316,'Ortnek');
INSERT INTO `Kraj` (`postnaSt`,`ime`) VALUES (1337,'Osilnica');
INSERT INTO `Kraj` (`postnaSt`,`ime`) VALUES (8222,'Otočec');
INSERT INTO `Kraj` (`postnaSt`,`ime`) VALUES (2361,'Ožbalt');
INSERT INTO `Kraj` (`postnaSt`,`ime`) VALUES (2231,'Pernica');
INSERT INTO `Kraj` (`postnaSt`,`ime`) VALUES (2211,'Pesnica pri Mariboru');
INSERT INTO `Kraj` (`postnaSt`,`ime`) VALUES (9203,'Petrovci');
INSERT INTO `Kraj` (`postnaSt`,`ime`) VALUES (3301,'Petrovče');
INSERT INTO `Kraj` (`postnaSt`,`ime`) VALUES (6330,'Piran/Pirano');
INSERT INTO `Kraj` (`postnaSt`,`ime`) VALUES (8255,'Pišece');
INSERT INTO `Kraj` (`postnaSt`,`ime`) VALUES (6257,'Pivka');
INSERT INTO `Kraj` (`postnaSt`,`ime`) VALUES (6232,'Planina');
INSERT INTO `Kraj` (`postnaSt`,`ime`) VALUES (3225,'Planina pri Sevnici');
INSERT INTO `Kraj` (`postnaSt`,`ime`) VALUES (6276,'Pobegi');
INSERT INTO `Kraj` (`postnaSt`,`ime`) VALUES (8312,'Podbočje');
INSERT INTO `Kraj` (`postnaSt`,`ime`) VALUES (5243,'Podbrdo');
INSERT INTO `Kraj` (`postnaSt`,`ime`) VALUES (3254,'Podčetrtek');
INSERT INTO `Kraj` (`postnaSt`,`ime`) VALUES (2273,'Podgorci');
INSERT INTO `Kraj` (`postnaSt`,`ime`) VALUES (6216,'Podgorje');
INSERT INTO `Kraj` (`postnaSt`,`ime`) VALUES (2381,'Podgorje pri Slovenj Gradcu');
INSERT INTO `Kraj` (`postnaSt`,`ime`) VALUES (6244,'Podgrad');
INSERT INTO `Kraj` (`postnaSt`,`ime`) VALUES (1414,'Podkum');
INSERT INTO `Kraj` (`postnaSt`,`ime`) VALUES (2286,'Podlehnik');
INSERT INTO `Kraj` (`postnaSt`,`ime`) VALUES (5272,'Podnanos');
INSERT INTO `Kraj` (`postnaSt`,`ime`) VALUES (4244,'Podnart');
INSERT INTO `Kraj` (`postnaSt`,`ime`) VALUES (3241,'Podplat');
INSERT INTO `Kraj` (`postnaSt`,`ime`) VALUES (3257,'Podsreda');
INSERT INTO `Kraj` (`postnaSt`,`ime`) VALUES (2363,'Podvelka');
INSERT INTO `Kraj` (`postnaSt`,`ime`) VALUES (2208,'Pohorje');
INSERT INTO `Kraj` (`postnaSt`,`ime`) VALUES (2257,'Polenšak');
INSERT INTO `Kraj` (`postnaSt`,`ime`) VALUES (1355,'Polhov Gradec');
INSERT INTO `Kraj` (`postnaSt`,`ime`) VALUES (4223,'Poljane nad Škofjo Loko');
INSERT INTO `Kraj` (`postnaSt`,`ime`) VALUES (2319,'Poljčane');
INSERT INTO `Kraj` (`postnaSt`,`ime`) VALUES (1272,'Polšnik');
INSERT INTO `Kraj` (`postnaSt`,`ime`) VALUES (3313,'Polzela');
INSERT INTO `Kraj` (`postnaSt`,`ime`) VALUES (3232,'Ponikva');
INSERT INTO `Kraj` (`postnaSt`,`ime`) VALUES (6320,'Portorož/Portorose');
INSERT INTO `Kraj` (`postnaSt`,`ime`) VALUES (6230,'Postojna');
INSERT INTO `Kraj` (`postnaSt`,`ime`) VALUES (2331,'Pragersko');
INSERT INTO `Kraj` (`postnaSt`,`ime`) VALUES (3312,'Prebold');
INSERT INTO `Kraj` (`postnaSt`,`ime`) VALUES (4205,'Preddvor');
INSERT INTO `Kraj` (`postnaSt`,`ime`) VALUES (6255,'Prem');
INSERT INTO `Kraj` (`postnaSt`,`ime`) VALUES (1352,'Preserje');
INSERT INTO `Kraj` (`postnaSt`,`ime`) VALUES (6258,'Prestranek');
INSERT INTO `Kraj` (`postnaSt`,`ime`) VALUES (2391,'Prevalje');
INSERT INTO `Kraj` (`postnaSt`,`ime`) VALUES (3262,'Prevorje');
INSERT INTO `Kraj` (`postnaSt`,`ime`) VALUES (1276,'Primskovo ');
INSERT INTO `Kraj` (`postnaSt`,`ime`) VALUES (3253,'Pristava pri Mestinju');
INSERT INTO `Kraj` (`postnaSt`,`ime`) VALUES (9207,'Prosenjakovci/Partosfalva');
INSERT INTO `Kraj` (`postnaSt`,`ime`) VALUES (5297,'Prvačina');
INSERT INTO `Kraj` (`postnaSt`,`ime`) VALUES (2250,'Ptuj');
INSERT INTO `Kraj` (`postnaSt`,`ime`) VALUES (2323,'Ptujska Gora');
INSERT INTO `Kraj` (`postnaSt`,`ime`) VALUES (9201,'Puconci');
INSERT INTO `Kraj` (`postnaSt`,`ime`) VALUES (2327,'Rače');
INSERT INTO `Kraj` (`postnaSt`,`ime`) VALUES (1433,'Radeče');
INSERT INTO `Kraj` (`postnaSt`,`ime`) VALUES (9252,'Radenci');
INSERT INTO `Kraj` (`postnaSt`,`ime`) VALUES (2360,'Radlje ob Dravi');
INSERT INTO `Kraj` (`postnaSt`,`ime`) VALUES (1235,'Radomlje');
INSERT INTO `Kraj` (`postnaSt`,`ime`) VALUES (4240,'Radovljica');
INSERT INTO `Kraj` (`postnaSt`,`ime`) VALUES (8274,'Raka');
INSERT INTO `Kraj` (`postnaSt`,`ime`) VALUES (1381,'Rakek');
INSERT INTO `Kraj` (`postnaSt`,`ime`) VALUES (4283,'Rateče - Planica');
INSERT INTO `Kraj` (`postnaSt`,`ime`) VALUES (2390,'Ravne na Koroškem');
INSERT INTO `Kraj` (`postnaSt`,`ime`) VALUES (9246,'Razkrižje');
INSERT INTO `Kraj` (`postnaSt`,`ime`) VALUES (3332,'Rečica ob Savinji');
INSERT INTO `Kraj` (`postnaSt`,`ime`) VALUES (5292,'Renče');
INSERT INTO `Kraj` (`postnaSt`,`ime`) VALUES (1310,'Ribnica');
INSERT INTO `Kraj` (`postnaSt`,`ime`) VALUES (2364,'Ribnica na Pohorju');
INSERT INTO `Kraj` (`postnaSt`,`ime`) VALUES (3272,'Rimske Toplice');
INSERT INTO `Kraj` (`postnaSt`,`ime`) VALUES (1314,'Rob');
INSERT INTO `Kraj` (`postnaSt`,`ime`) VALUES (5215,'Ročinj');
INSERT INTO `Kraj` (`postnaSt`,`ime`) VALUES (3250,'Rogaška Slatina');
INSERT INTO `Kraj` (`postnaSt`,`ime`) VALUES (9262,'Rogašovci');
INSERT INTO `Kraj` (`postnaSt`,`ime`) VALUES (3252,'Rogatec');
INSERT INTO `Kraj` (`postnaSt`,`ime`) VALUES (1373,'Rovte');
INSERT INTO `Kraj` (`postnaSt`,`ime`) VALUES (2342,'Ruše');
INSERT INTO `Kraj` (`postnaSt`,`ime`) VALUES (1282,'Sava');
INSERT INTO `Kraj` (`postnaSt`,`ime`) VALUES (6333,'Sečovlje/Sicciole');
INSERT INTO `Kraj` (`postnaSt`,`ime`) VALUES (4227,'Selca');
INSERT INTO `Kraj` (`postnaSt`,`ime`) VALUES (2352,'Selnica ob Dravi');
INSERT INTO `Kraj` (`postnaSt`,`ime`) VALUES (8333,'Semič');
INSERT INTO `Kraj` (`postnaSt`,`ime`) VALUES (8281,'Senovo');
INSERT INTO `Kraj` (`postnaSt`,`ime`) VALUES (6224,'Senožeče');
INSERT INTO `Kraj` (`postnaSt`,`ime`) VALUES (8290,'Sevnica');
INSERT INTO `Kraj` (`postnaSt`,`ime`) VALUES (6210,'Sežana');
INSERT INTO `Kraj` (`postnaSt`,`ime`) VALUES (2214,'Sladki Vrh');
INSERT INTO `Kraj` (`postnaSt`,`ime`) VALUES (5283,'Slap ob Idrijci');
INSERT INTO `Kraj` (`postnaSt`,`ime`) VALUES (2380,'Slovenj Gradec');
INSERT INTO `Kraj` (`postnaSt`,`ime`) VALUES (2310,'Slovenska Bistrica');
INSERT INTO `Kraj` (`postnaSt`,`ime`) VALUES (3210,'Slovenske Konjice');
INSERT INTO `Kraj` (`postnaSt`,`ime`) VALUES (1216,'Smlednik');
INSERT INTO `Kraj` (`postnaSt`,`ime`) VALUES (5232,'Soča');
INSERT INTO `Kraj` (`postnaSt`,`ime`) VALUES (1317,'Sodražica');
INSERT INTO `Kraj` (`postnaSt`,`ime`) VALUES (3335,'Solčava');
INSERT INTO `Kraj` (`postnaSt`,`ime`) VALUES (5250,'Solkan');
INSERT INTO `Kraj` (`postnaSt`,`ime`) VALUES (4229,'Sorica');
INSERT INTO `Kraj` (`postnaSt`,`ime`) VALUES (4225,'Sovodenj');
INSERT INTO `Kraj` (`postnaSt`,`ime`) VALUES (5281,'Spodnja Idrija');
INSERT INTO `Kraj` (`postnaSt`,`ime`) VALUES (2241,'Spodnji Duplek');
INSERT INTO `Kraj` (`postnaSt`,`ime`) VALUES (9245,'Spodnji Ivanjci');
INSERT INTO `Kraj` (`postnaSt`,`ime`) VALUES (2277,'Središče ob Dravi');
INSERT INTO `Kraj` (`postnaSt`,`ime`) VALUES (4267,'Srednja vas v Bohinju');
INSERT INTO `Kraj` (`postnaSt`,`ime`) VALUES (8256,'Sromlje ');
INSERT INTO `Kraj` (`postnaSt`,`ime`) VALUES (5224,'Srpenica');
INSERT INTO `Kraj` (`postnaSt`,`ime`) VALUES (1242,'Stahovica');
INSERT INTO `Kraj` (`postnaSt`,`ime`) VALUES (1332,'Stara Cerkev');
INSERT INTO `Kraj` (`postnaSt`,`ime`) VALUES (8342,'Stari trg ob Kolpi');
INSERT INTO `Kraj` (`postnaSt`,`ime`) VALUES (1386,'Stari trg pri Ložu');
INSERT INTO `Kraj` (`postnaSt`,`ime`) VALUES (2205,'Starše');
INSERT INTO `Kraj` (`postnaSt`,`ime`) VALUES (2289,'Stoperce');
INSERT INTO `Kraj` (`postnaSt`,`ime`) VALUES (8322,'Stopiče');
INSERT INTO `Kraj` (`postnaSt`,`ime`) VALUES (3206,'Stranice');
INSERT INTO `Kraj` (`postnaSt`,`ime`) VALUES (8351,'Straža');
INSERT INTO `Kraj` (`postnaSt`,`ime`) VALUES (1313,'Struge');
INSERT INTO `Kraj` (`postnaSt`,`ime`) VALUES (8293,'Studenec');
INSERT INTO `Kraj` (`postnaSt`,`ime`) VALUES (8331,'Suhor');
INSERT INTO `Kraj` (`postnaSt`,`ime`) VALUES (2233,'Sv. Ana v Slovenskih goricah');
INSERT INTO `Kraj` (`postnaSt`,`ime`) VALUES (2235,'Sv. Trojica v Slovenskih goricah');
INSERT INTO `Kraj` (`postnaSt`,`ime`) VALUES (2353,'Sveti Duh na Ostrem Vrhu');
INSERT INTO `Kraj` (`postnaSt`,`ime`) VALUES (9244,'Sveti Jurij ob Ščavnici');
INSERT INTO `Kraj` (`postnaSt`,`ime`) VALUES (3264,'Sveti Štefan');
INSERT INTO `Kraj` (`postnaSt`,`ime`) VALUES (2258,'Sveti Tomaž');
INSERT INTO `Kraj` (`postnaSt`,`ime`) VALUES (9204,'Šalovci');
INSERT INTO `Kraj` (`postnaSt`,`ime`) VALUES (5261,'Šempas');
INSERT INTO `Kraj` (`postnaSt`,`ime`) VALUES (5290,'Šempeter pri Gorici');
INSERT INTO `Kraj` (`postnaSt`,`ime`) VALUES (3311,'Šempeter v Savinjski dolini');
INSERT INTO `Kraj` (`postnaSt`,`ime`) VALUES (4208,'Šenčur');
INSERT INTO `Kraj` (`postnaSt`,`ime`) VALUES (2212,'Šentilj v Slovenskih goricah');
INSERT INTO `Kraj` (`postnaSt`,`ime`) VALUES (8297,'Šentjanž');
INSERT INTO `Kraj` (`postnaSt`,`ime`) VALUES (2373,'Šentjanž pri Dravogradu');
INSERT INTO `Kraj` (`postnaSt`,`ime`) VALUES (8310,'Šentjernej');
INSERT INTO `Kraj` (`postnaSt`,`ime`) VALUES (3230,'Šentjur');
INSERT INTO `Kraj` (`postnaSt`,`ime`) VALUES (3271,'Šentrupert');
INSERT INTO `Kraj` (`postnaSt`,`ime`) VALUES (8232,'Šentrupert');
INSERT INTO `Kraj` (`postnaSt`,`ime`) VALUES (1296,'Šentvid pri Stični');
INSERT INTO `Kraj` (`postnaSt`,`ime`) VALUES (8275,'Škocjan');
INSERT INTO `Kraj` (`postnaSt`,`ime`) VALUES (6281,'Škofije');
INSERT INTO `Kraj` (`postnaSt`,`ime`) VALUES (4220,'Škofja Loka');
INSERT INTO `Kraj` (`postnaSt`,`ime`) VALUES (3211,'Škofja vas');
INSERT INTO `Kraj` (`postnaSt`,`ime`) VALUES (1291,'Škofljica');
INSERT INTO `Kraj` (`postnaSt`,`ime`) VALUES (6274,'Šmarje');
INSERT INTO `Kraj` (`postnaSt`,`ime`) VALUES (1293,'Šmarje - Sap');
INSERT INTO `Kraj` (`postnaSt`,`ime`) VALUES (3240,'Šmarje pri Jelšah');
INSERT INTO `Kraj` (`postnaSt`,`ime`) VALUES (8220,'Šmarješke Toplice');
INSERT INTO `Kraj` (`postnaSt`,`ime`) VALUES (2315,'Šmartno na Pohorju');
INSERT INTO `Kraj` (`postnaSt`,`ime`) VALUES (3341,'Šmartno ob Dreti');
INSERT INTO `Kraj` (`postnaSt`,`ime`) VALUES (3327,'Šmartno ob Paki');
INSERT INTO `Kraj` (`postnaSt`,`ime`) VALUES (1275,'Šmartno pri Litiji');
INSERT INTO `Kraj` (`postnaSt`,`ime`) VALUES (2383,'Šmartno pri Slovenj Gradcu');
INSERT INTO `Kraj` (`postnaSt`,`ime`) VALUES (3201,'Šmartno v Rožni dolini');
INSERT INTO `Kraj` (`postnaSt`,`ime`) VALUES (3325,'Šoštanj');
INSERT INTO `Kraj` (`postnaSt`,`ime`) VALUES (6222,'Štanjel');
INSERT INTO `Kraj` (`postnaSt`,`ime`) VALUES (3220,'Štore');
INSERT INTO `Kraj` (`postnaSt`,`ime`) VALUES (3304,'Tabor');
INSERT INTO `Kraj` (`postnaSt`,`ime`) VALUES (3221,'Teharje');
INSERT INTO `Kraj` (`postnaSt`,`ime`) VALUES (9251,'Tišina');
INSERT INTO `Kraj` (`postnaSt`,`ime`) VALUES (5220,'Tolmin');
INSERT INTO `Kraj` (`postnaSt`,`ime`) VALUES (3326,'Topolšica');
INSERT INTO `Kraj` (`postnaSt`,`ime`) VALUES (2371,'Trbonje');
INSERT INTO `Kraj` (`postnaSt`,`ime`) VALUES (1420,'Trbovlje');
INSERT INTO `Kraj` (`postnaSt`,`ime`) VALUES (8231,'Trebelno ');
INSERT INTO `Kraj` (`postnaSt`,`ime`) VALUES (8210,'Trebnje');
INSERT INTO `Kraj` (`postnaSt`,`ime`) VALUES (5252,'Trnovo pri Gorici');
INSERT INTO `Kraj` (`postnaSt`,`ime`) VALUES (2254,'Trnovska vas');
INSERT INTO `Kraj` (`postnaSt`,`ime`) VALUES (1222,'Trojane');
INSERT INTO `Kraj` (`postnaSt`,`ime`) VALUES (1236,'Trzin');
INSERT INTO `Kraj` (`postnaSt`,`ime`) VALUES (4290,'Tržič');
INSERT INTO `Kraj` (`postnaSt`,`ime`) VALUES (8295,'Tržišče');
INSERT INTO `Kraj` (`postnaSt`,`ime`) VALUES (1311,'Turjak');
INSERT INTO `Kraj` (`postnaSt`,`ime`) VALUES (9224,'Turnišče');
INSERT INTO `Kraj` (`postnaSt`,`ime`) VALUES (8323,'Uršna sela');
INSERT INTO `Kraj` (`postnaSt`,`ime`) VALUES (1252,'Vače');
INSERT INTO `Kraj` (`postnaSt`,`ime`) VALUES (3320,'Velenje ');
INSERT INTO `Kraj` (`postnaSt`,`ime`) VALUES (3322,'Velenje - poštni predali');
INSERT INTO `Kraj` (`postnaSt`,`ime`) VALUES (8212,'Velika Loka');
INSERT INTO `Kraj` (`postnaSt`,`ime`) VALUES (2274,'Velika Nedelja');
INSERT INTO `Kraj` (`postnaSt`,`ime`) VALUES (9225,'Velika Polana');
INSERT INTO `Kraj` (`postnaSt`,`ime`) VALUES (1315,'Velike Lašče');
INSERT INTO `Kraj` (`postnaSt`,`ime`) VALUES (8213,'Veliki Gaber');
INSERT INTO `Kraj` (`postnaSt`,`ime`) VALUES (9241,'Veržej');
INSERT INTO `Kraj` (`postnaSt`,`ime`) VALUES (1312,'Videm - Dobrepolje');
INSERT INTO `Kraj` (`postnaSt`,`ime`) VALUES (2284,'Videm pri Ptuju');
INSERT INTO `Kraj` (`postnaSt`,`ime`) VALUES (8344,'Vinica');
INSERT INTO `Kraj` (`postnaSt`,`ime`) VALUES (5271,'Vipava');
INSERT INTO `Kraj` (`postnaSt`,`ime`) VALUES (4212,'Visoko');
INSERT INTO `Kraj` (`postnaSt`,`ime`) VALUES (1294,'Višnja Gora');
INSERT INTO `Kraj` (`postnaSt`,`ime`) VALUES (3205,'Vitanje');
INSERT INTO `Kraj` (`postnaSt`,`ime`) VALUES (2255,'Vitomarci');
INSERT INTO `Kraj` (`postnaSt`,`ime`) VALUES (1217,'Vodice');
INSERT INTO `Kraj` (`postnaSt`,`ime`) VALUES (3212,'Vojnik');
INSERT INTO `Kraj` (`postnaSt`,`ime`) VALUES (5293,'Volčja Draga');
INSERT INTO `Kraj` (`postnaSt`,`ime`) VALUES (2232,'Voličina');
INSERT INTO `Kraj` (`postnaSt`,`ime`) VALUES (3305,'Vransko');
INSERT INTO `Kraj` (`postnaSt`,`ime`) VALUES (6217,'Vremski Britof');
INSERT INTO `Kraj` (`postnaSt`,`ime`) VALUES (1360,'Vrhnika');
INSERT INTO `Kraj` (`postnaSt`,`ime`) VALUES (2365,'Vuhred');
INSERT INTO `Kraj` (`postnaSt`,`ime`) VALUES (2367,'Vuzenica');
INSERT INTO `Kraj` (`postnaSt`,`ime`) VALUES (8292,'Zabukovje ');
INSERT INTO `Kraj` (`postnaSt`,`ime`) VALUES (1410,'Zagorje ob Savi');
INSERT INTO `Kraj` (`postnaSt`,`ime`) VALUES (1303,'Zagradec');
INSERT INTO `Kraj` (`postnaSt`,`ime`) VALUES (2283,'Zavrč');
INSERT INTO `Kraj` (`postnaSt`,`ime`) VALUES (8272,'Zdole ');
INSERT INTO `Kraj` (`postnaSt`,`ime`) VALUES (4201,'Zgornja Besnica');
INSERT INTO `Kraj` (`postnaSt`,`ime`) VALUES (2242,'Zgornja Korena');
INSERT INTO `Kraj` (`postnaSt`,`ime`) VALUES (2201,'Zgornja Kungota');
INSERT INTO `Kraj` (`postnaSt`,`ime`) VALUES (2316,'Zgornja Ložnica');
INSERT INTO `Kraj` (`postnaSt`,`ime`) VALUES (2314,'Zgornja Polskava');
INSERT INTO `Kraj` (`postnaSt`,`ime`) VALUES (2213,'Zgornja Velka');
INSERT INTO `Kraj` (`postnaSt`,`ime`) VALUES (4247,'Zgornje Gorje');
INSERT INTO `Kraj` (`postnaSt`,`ime`) VALUES (4206,'Zgornje Jezersko');
INSERT INTO `Kraj` (`postnaSt`,`ime`) VALUES (2285,'Zgornji Leskovec');
INSERT INTO `Kraj` (`postnaSt`,`ime`) VALUES (1432,'Zidani Most');
INSERT INTO `Kraj` (`postnaSt`,`ime`) VALUES (3214,'Zreče');
INSERT INTO `Kraj` (`postnaSt`,`ime`) VALUES (4209,'Žabnica');
INSERT INTO `Kraj` (`postnaSt`,`ime`) VALUES (3310,'Žalec');
INSERT INTO `Kraj` (`postnaSt`,`ime`) VALUES (4228,'Železniki');
INSERT INTO `Kraj` (`postnaSt`,`ime`) VALUES (2287,'Žetale');
INSERT INTO `Kraj` (`postnaSt`,`ime`) VALUES (4226,'Žiri');
INSERT INTO `Kraj` (`postnaSt`,`ime`) VALUES (4274,'Žirovnica');
INSERT INTO `Kraj` (`postnaSt`,`ime`) VALUES (8360,'Žužemberk');

INSERT INTO `Stranka` (`id`,`ime`,`priimek`,`email`,`ulica`,`hisnaSt`,`postnaSt`,`telefon`,`geslo`,`aktiviran`) VALUES (1,'Urban','Urbanija','urban@gmail.com','Dunajska cesta',256,1000,'051000000','$2y$10$rnfXbpSBjWMXHvYUmEYIqeGyYq0mf61FOGjqZnmtdB2wBXCShkVHy',1);
INSERT INTO `Stranka` (`id`,`ime`,`priimek`,`email`,`ulica`,`hisnaSt`,`postnaSt`,`telefon`,`geslo`,`aktiviran`) VALUES (2,'Lara','Oblak','lara.oblak@hotmail.com','Gosposvetska ulica',39,1235,'031000000','$2y$10$rnfXbpSBjWMXHvYUmEYIqeGyYq0mf61FOGjqZnmtdB2wBXCShkVHy',1);
INSERT INTO `Stranka` (`id`,`ime`,`priimek`,`email`,`ulica`,`hisnaSt`,`postnaSt`,`telefon`,`geslo`,`aktiviran`) VALUES (3,'Rudi','Jerman','rudi.jerman@gmail.com','Šmartinska cesta',15,1230,'070000000','$2y$10$rnfXbpSBjWMXHvYUmEYIqeGyYq0mf61FOGjqZnmtdB2wBXCShkVHy',0);
INSERT INTO `Stranka` (`id`,`ime`,`priimek`,`email`,`ulica`,`hisnaSt`,`postnaSt`,`telefon`,`geslo`,`aktiviran`) VALUES (4,'Tončka','Stele','toncka@hotmail.com','Kolodvorska ulica',34,1000,'069000000','$2y$10$rnfXbpSBjWMXHvYUmEYIqeGyYq0mf61FOGjqZnmtdB2wBXCShkVHy',0);

INSERT INTO `Stil` (`id`,`naziv`) VALUES (1,'Abbey Trippel');
INSERT INTO `Stil` (`id`,`naziv`) VALUES (2,'Abt / Quadrupel');
INSERT INTO `Stil` (`id`,`naziv`) VALUES (3,'Amber / Red Ale');
INSERT INTO `Stil` (`id`,`naziv`) VALUES (4,'American IPA');
INSERT INTO `Stil` (`id`,`naziv`) VALUES (5,'American Pale Ale');
INSERT INTO `Stil` (`id`,`naziv`) VALUES (6,'American Wheat');
INSERT INTO `Stil` (`id`,`naziv`) VALUES (7,'Barley Wine');
INSERT INTO `Stil` (`id`,`naziv`) VALUES (8,'Belgian Dubbel');
INSERT INTO `Stil` (`id`,`naziv`) VALUES (9,'Belgian Strong Ale');
INSERT INTO `Stil` (`id`,`naziv`) VALUES (10,'Berliner Weisse');
INSERT INTO `Stil` (`id`,`naziv`) VALUES (11,'Bière de Garde');
INSERT INTO `Stil` (`id`,`naziv`) VALUES (12,'Black IPA');
INSERT INTO `Stil` (`id`,`naziv`) VALUES (13,'Brown Ale');
INSERT INTO `Stil` (`id`,`naziv`) VALUES (14,'California Common');
INSERT INTO `Stil` (`id`,`naziv`) VALUES (15,'Double IPA / Imperial IPA');
INSERT INTO `Stil` (`id`,`naziv`) VALUES (16,'Dunkelweizen');
INSERT INTO `Stil` (`id`,`naziv`) VALUES (17,'Fruit Beer');
INSERT INTO `Stil` (`id`,`naziv`) VALUES (18,'German Hefeweizen');
INSERT INTO `Stil` (`id`,`naziv`) VALUES (19,'Golden Ale / Blond Ale');
INSERT INTO `Stil` (`id`,`naziv`) VALUES (20,'Gose');
INSERT INTO `Stil` (`id`,`naziv`) VALUES (21,'Imperial Stout');
INSERT INTO `Stil` (`id`,`naziv`) VALUES (22,'India Pale Ale - IPA');
INSERT INTO `Stil` (`id`,`naziv`) VALUES (23,'Lager');
INSERT INTO `Stil` (`id`,`naziv`) VALUES (24,'Pale Ale');
INSERT INTO `Stil` (`id`,`naziv`) VALUES (25,'Pilsner');
INSERT INTO `Stil` (`id`,`naziv`) VALUES (26,'Porter');
INSERT INTO `Stil` (`id`,`naziv`) VALUES (27,'Premium Bitter / ESB');
INSERT INTO `Stil` (`id`,`naziv`) VALUES (28,'Saison');
INSERT INTO `Stil` (`id`,`naziv`) VALUES (29,'Schwarzbier');
INSERT INTO `Stil` (`id`,`naziv`) VALUES (30,'Session IPA');
INSERT INTO `Stil` (`id`,`naziv`) VALUES (31,'Sour / Wild Ale');
INSERT INTO `Stil` (`id`,`naziv`) VALUES (32,'Sour Red/Brown');
INSERT INTO `Stil` (`id`,`naziv`) VALUES (33,'Spice / Herb / Vegetable');
INSERT INTO `Stil` (`id`,`naziv`) VALUES (34,'Stout');
INSERT INTO `Stil` (`id`,`naziv`) VALUES (35,'Tripel');
INSERT INTO `Stil` (`id`,`naziv`) VALUES (36,'Weizenbock');
INSERT INTO `Stil` (`id`,`naziv`) VALUES (37,'Wheat Ale');
INSERT INTO `Stil` (`id`,`naziv`) VALUES (38,'White IPA');
INSERT INTO `Stil` (`id`,`naziv`) VALUES (39,'Witbier');

INSERT INTO `Znamka` (`id`,`naziv`) VALUES (1,'Mali grad');
INSERT INTO `Znamka` (`id`,`naziv`) VALUES (2,'Maister brewery');
INSERT INTO `Znamka` (`id`,`naziv`) VALUES (3,'Mister');
INSERT INTO `Znamka` (`id`,`naziv`) VALUES (4,'Hopsbrew');
INSERT INTO `Znamka` (`id`,`naziv`) VALUES (5,'Barut');
INSERT INTO `Znamka` (`id`,`naziv`) VALUES (6,'Tektonik');

INSERT INTO `Artikel` (`id`,`aktiviran`,`naziv`,`idZnamka`,`opis`,`kolicina`,`alkohol`,`cena`,`idStil`) VALUES (1,1,'Pale Ale',1,'Pivo v stilu ameriškega pale ale je paradni konj pivovarne Mali Grad. Jantarno-zlato barvo hmeljnega napitka pokriva velika in obstojna pena bele barve. Nežna sadna aroma s pridihom karamele in visoka stopnja mehurčkov daje zelo okusnemu in pitnemu pivu prijetno svežino in osvežilen občutek.',0.5,4.9,2.60,24);
INSERT INTO `Artikel` (`id`,`aktiviran`,`naziv`,`idZnamka`,`opis`,`kolicina`,`alkohol`,`cena`,`idStil`) VALUES (2,1,'Your Bitter Ex',1,'Za stilom ESB se skrivajo močnejša klasična angleška \"bitter\" piva in tudi kamniški Bitter Ex v tem kontekstu ni nobena izjema. Motna jantarna barva je pokrita z manjšo umazano belo peno, aroma pa je sladkasta z izrazitejšo zeliščo noto, kar na koncu lepo zaokroži v lahko in pitno pivo.',0.5,5.5,2.80,27);
INSERT INTO `Artikel` (`id`,`aktiviran`,`naziv`,`idZnamka`,`opis`,`kolicina`,`alkohol`,`cena`,`idStil`) VALUES (3,1,'India Pale Ale',1,'IPA pivo z oranžno-zlato barvo, katerega krasi solidna in obstojna pena bež barve ima prijetno sadno aromo agrumov in grenivke. Okus tega IPA piva zaznamuje zelo konkretna grenkoba, kar bo zadovoljilo tudi bolj zahtevne ljubitelje piv stila IPA.',0.5,6.0,2.90,22);
INSERT INTO `Artikel` (`id`,`aktiviran`,`naziv`,`idZnamka`,`opis`,`kolicina`,`alkohol`,`cena`,`idStil`) VALUES (4,0,'Your Obsession',1,'Pivo stila session IPA ima motno zlato barvo, pokriva pa ga obstojna, velika bela pena. Lahka sadna aroma z agrumi in tropskim sadjem ter nižjo stopnjo alkohola poskrbi za lahkotno in tako izjemno pitno pivo.',0.5,4.8,2.90,30);
INSERT INTO `Artikel` (`id`,`aktiviran`,`naziv`,`idZnamka`,`opis`,`kolicina`,`alkohol`,`cena`,`idStil`) VALUES (5,0,'Black Magic Woman',1,'Pivo popolnoma črne barve in veliko kremasto bež peno je mešanica klasične IPE in temnega piva. Zmerna grenkoba in srednje močna aroma sladkega sadja in praženega sladu z dodatkom kave.',0.5,6.0,2.90,12);
INSERT INTO `Artikel` (`id`,`aktiviran`,`naziv`,`idZnamka`,`opis`,`kolicina`,`alkohol`,`cena`,`idStil`) VALUES (6,1,'Gallus',2,'Osvežilni Pilsner z značilno mehurčkasto zlato barvo in belo peno, ki dokaj kmalu izzveni. Nežna travnata nota hmelja, prijetna grenkoba in komaj zaznavna sladkasta aroma vodijo v nadvse okusno in pitno pivo.',0.5,4.5,2.05,25);
INSERT INTO `Artikel` (`id`,`aktiviran`,`naziv`,`idZnamka`,`opis`,`kolicina`,`alkohol`,`cena`,`idStil`) VALUES (7,1,'Noordung',2,'V pivovarni Maister so dotično pivo poimenovali po Hermanu Potočniku Noordungu, svetovno priznanemu raketnemu inženirju in enemu izmed pionirjev vesoljskih poletov. Gosto in kremasto pivo abstraktne črne barve z veliko, obstojno peno odlikuje aroma temne čokolade, z dodanimi notami vanilje in pražene kave. Lahko pitno in zelo okusno. ',0.33,4.7,3,26);
INSERT INTO `Artikel` (`id`,`aktiviran`,`naziv`,`idZnamka`,`opis`,`kolicina`,`alkohol`,`cena`,`idStil`) VALUES (8,1,'General Maister',2,'V prijetni sadni aromi okusnega IPA piva se prepletajo note agrumov in tropskega sadja, okus pa zaznamuje rahla hmeljna grenčica.',0.33,6,2.55,22);
INSERT INTO `Artikel` (`id`,`aktiviran`,`naziv`,`idZnamka`,`opis`,`kolicina`,`alkohol`,`cena`,`idStil`) VALUES (9,0,'Vega',2,'Pivo Vega so v pivovarni Maister poimenovali po Juriju Vegi, našemu najbolj slavnemu matematiku. Nežna hmeljna grenkoba in prijetna aroma tropskih sadežev, agrumov in sladke breskve naredi Vego zelo okusno in lahko pitno pivo.  ',0.5,5.5,3,24);
INSERT INTO `Artikel` (`id`,`aktiviran`,`naziv`,`idZnamka`,`opis`,`kolicina`,`alkohol`,`cena`,`idStil`) VALUES (10,0,'Rusjan',2,'Kar štiri različne vrste aromatičnega hmelja zaznamuje okus svežega in pitnega IPA piva z aromo sladkega sadja, agrumov in vonja borovcev.',0.33,6,2.55,22);
INSERT INTO `Artikel` (`id`,`aktiviran`,`naziv`,`idZnamka`,`opis`,`kolicina`,`alkohol`,`cena`,`idStil`) VALUES (11,1,'Nolan',3,'MISTER Nolan je svetlo in lahko pivo citrusnih arom varjen s popolno kombinacijo najbolj aromatičnih ameriških hmeljev ter z dodatki pšeničnega sladu, ki prispeva k svilnatemu telesu.',0.5,4.5,3,24);
INSERT INTO `Artikel` (`id`,`aktiviran`,`naziv`,`idZnamka`,`opis`,`kolicina`,`alkohol`,`cena`,`idStil`) VALUES (12,0,'Russel',3,'MISTER Russell je pivo stila IPA s 6% alkohola. Varjen je s slovenskim hmeljem, ki daje tropsko aromo ter karamelnimi in čokoladnimi sladovi, ki delajo Russlla za pravo sladico med pivi.',0.33,6,3.2,22);
INSERT INTO `Artikel` (`id`,`aktiviran`,`naziv`,`idZnamka`,`opis`,`kolicina`,`alkohol`,`cena`,`idStil`) VALUES (13,1,'Pale Ale',4,'Pale Ale pivo izdelano na ameriški način. Motna oranžno-jantarna barva, na kateri kraljuje zelo obstojna bela kremasta pena, skriva v sebi aromo agrumov in sveže trave. Gre za izjemno pitno in osvežilno pivo.',0.5,4.8,2.85,24);
INSERT INTO `Artikel` (`id`,`aktiviran`,`naziv`,`idZnamka`,`opis`,`kolicina`,`alkohol`,`cena`,`idStil`) VALUES (14,1,'Oatmeal stout',4,'Izjemno polno pivo stila Stout je popolnoma črne barve, vrh pa krasi velika pena krem barve. Aroma temne čokolade z dodatkom vanilje vodi v izjemno prijetno in pitno pivo.',0.5,6.5,2.9,34);
INSERT INTO `Artikel` (`id`,`aktiviran`,`naziv`,`idZnamka`,`opis`,`kolicina`,`alkohol`,`cena`,`idStil`) VALUES (15,1,'Porter',4,'Okusen porter s popolnoma črno barvo in kremasto peno bež barve se lahko pohvali z nežno aromo kave, čokolade ter lahkimi travnatimi notami hmelja.',0.5,6,2.85,26);
INSERT INTO `Artikel` (`id`,`aktiviran`,`naziv`,`idZnamka`,`opis`,`kolicina`,`alkohol`,`cena`,`idStil`) VALUES (16,1,'Tropical wheat',4,'V aromatičnem belgijskem pšeničnem pivu z močno oranžno barvo in belo kremasto peno prevladuje konkretna hmeljna grenkoba v kombinaciji z izrazito sladko aromo tropskega sadja pasijonke in manga.',0.5,4.5,2.7,6);
INSERT INTO `Artikel` (`id`,`aktiviran`,`naziv`,`idZnamka`,`opis`,`kolicina`,`alkohol`,`cena`,`idStil`) VALUES (17,1,'Kri pomaranče',4,'Pivo stila IPA je izdelano s tremi vrstami hmelja in seveda, kot pove že samo ime, je dodana tudi lupina sladke pomaranče. V pivu je čutiti izredno prijetno sadno aromo in izrazito hmeljno grenkobo.',0.5,7,2.9,22);
INSERT INTO `Artikel` (`id`,`aktiviran`,`naziv`,`idZnamka`,`opis`,`kolicina`,`alkohol`,`cena`,`idStil`) VALUES (18,0,'Illusion',4,'Lahkotno in izjemno osvežilno IPA pivo se ponaša s prijetno sadno aromo, rahlim pikantnim priokusom in srednjo hmeljno grenkobo.',0.5,5.3,2.9,30);
INSERT INTO `Artikel` (`id`,`aktiviran`,`naziv`,`idZnamka`,`opis`,`kolicina`,`alkohol`,`cena`,`idStil`) VALUES (19,0,'IPA',4,'Pivo IPA s konkretno hmeljno grenkobo in sladko aromo tropskega sadja v kombinaciji s svežo travno noto in zelišči.',0.5,6,2.85,22);
INSERT INTO `Artikel` (`id`,`aktiviran`,`naziv`,`idZnamka`,`opis`,`kolicina`,`alkohol`,`cena`,`idStil`) VALUES (20,0,'Lucky Irish',4,'Staran v Jamesonovih sodih.',0.5,6.5,3.4,22);
INSERT INTO `Artikel` (`id`,`aktiviran`,`naziv`,`idZnamka`,`opis`,`kolicina`,`alkohol`,`cena`,`idStil`) VALUES (21,0,'Summer snow',5,'Barutov Summer snow se izraža z nežnimi kiselkastami notami vina, belega grozdja in rahlim pridihom začimb. Okusno, lahkotno in zelo osvežilno.',0.5,3.2,2.85,10);
INSERT INTO `Artikel` (`id`,`aktiviran`,`naziv`,`idZnamka`,`opis`,`kolicina`,`alkohol`,`cena`,`idStil`) VALUES (22,1,'Roadside picnic',5,'Divji Pale Ale s čudovitim hmeljem Aurora in ščepecem sečuanskega popra, ki poudari sadnost. Suho, visoko pitno in harmonično Session pivo.',0.5,4.5,2.95,28);
INSERT INTO `Artikel` (`id`,`aktiviran`,`naziv`,`idZnamka`,`opis`,`kolicina`,`alkohol`,`cena`,`idStil`) VALUES (23,0,'NorMal Ölstar Pale Ale',6,'NorMal je pravi poletnež, a paše tudi ob bolj turobnih dneh. Krasi ga zlato rumena barva, ki jo daje mešanica pretežno svetlih praženih sladov. Ti ustvarijo ravno dovolj sladkobe, da napolnijo telo, nekaj odstotkov svetlega karamelnega sladu in neslajene pšenice pa poskrbi za prijetno viskoznost. Temu lepo parira subtilna grenčica. Za ta pale ale, ki je zvarjen po vzoru ameriških kraft pivovarjev, so poleg slovenskega eksperimentalnega hmelja uporabili tudi nekaj zvenečih ameriških hmeljev, ki se izražajo v aromah citrusov in eksotičnega sadja, zaznati pa je tudi nekaj odtenkov cvetličnih vonjav.',0.5,5.1,2.30,24);
INSERT INTO `Artikel` (`id`,`aktiviran`,`naziv`,`idZnamka`,`opis`,`kolicina`,`alkohol`,`cena`,`idStil`) VALUES (24,1,'Hercule witbier',6,'V pivovarni Tektonik so zvarili sezonsko belgijsko pivo stila Wit, po tradicionalnem receptu. Posebnost tega piva je velika količina neslajene pšenice v skupni masi surovin, ki mu daje značilno motno, belkasto-zlato barvo ter mehak in osvežilen okus. Tega oblikuje še dodatek lupine grenke pomaranče in koriandrovih semen, ki so za ta stil skoraj obvezna. Sveže zdrobljena semena indijskega koriandra, lupine grenke pomaranče curacao poudarjajo svežino, ki jo dodatek črnega popra samo še izostri. Slovenski hmelj Styrian Golding ima tu le vlogo moderatorja, ki poveže arome in okuse v lahko, aromatično in sveže pivo, z relativno nizko alkoholno stopnjo, kar je kot nalašč za vroče poletne dni.',0.33,4.8,2.10,39);
INSERT INTO `Artikel` (`id`,`aktiviran`,`naziv`,`idZnamka`,`opis`,`kolicina`,`alkohol`,`cena`,`idStil`) VALUES (25,0,'Iggi India Pale Ale',6,'Danes je IPA najbolj priljubljen stil piva v segmentu craft pivovarn. Krasi ga konkretna grenčica in bogata aroma hmelja, telo pa je podobno šibkejšemu bratu stila Pale Ale, torej srednje močno, z rahlo noto sladke karamele ali praženega sladu, vendar se požirek konča s suhim zaključkom. V pivovarni Tektonik so zvarili pivo stila IPA, katerega telo se močno naslanja na britansko tradicijo, a je bogato odišavljeno z ameriškimi hmelji, katerih značilnost je prijetna cvetna aroma, aroma dišečih citrusov, pikantnega popra ter likuricije.',0.33,6.5,2.20,22);
INSERT INTO `Artikel` (`id`,`aktiviran`,`naziv`,`idZnamka`,`opis`,`kolicina`,`alkohol`,`cena`,`idStil`) VALUES (26,1,'Dizzy IPA Americana',6,'Dizzy je Tektonikov drugi zvarek stila IPA. Tokrat so se pri Tektoniku pri izdelavi recepta zgledovali po tradiciji kraft pivovarn z zahodne obale ameriškega kontinenta. V svetlem in lahkem telesu je zaznati subtilne okuse praženega sladu s kančkom karamele, a ta je predvsem nosilec bogatih arom eksotičnega sadja. Najbolj izstopata dišeča mango in pasijonka, nekoliko v ozadju se skrivajo še ananas, liči ter nekaj svetlega koščičastega sadja. Za ta stil je sicer značilna močna grenčica, a je v tem primeru bolj obrzdana za prijetnejše ravnovesje.',0.33,6.1,2.20,22);